Item, amount, cost (ea.), Link
XIAO ESP32 C3, 1, 5.00, https://www.seeedstudio.com/Seeed-XIAO-ESP32C3-p-5431.html
0.96 OLED, 1, 2.50, https://www.amazon.com/dp/B0GBVWBWCR
MPU6050, 1, 2.29, https://www.amazon.com/dp/B0943SGP34
DHT11, 1, 3.33, https://www.amazon.com/dp/B0BLG7R99R
MX Switches, 4, 0.18, https://www.amazon.com//dp/B0FQP8VYX4
Keycaps, 4, 0.60, https://www.amazon.com/dp/B0CQ2VLMVY
10k Resistor, 1, 0.05, https://www.amazon.com/dp/B0B4JFPHTW
PCB,1,10.00,https://www.jlcpcb.com/
usb-c receptor, 1, 1.20, https://www.amazon.com/CY-Connector-Receptacle-Female-Socket/dp/B0CFXNFYR9/ref=asc_df_B0CFXNFYR9?tag=bingshoppinga-20&linkCode=df0&hvadid=79920961900671&hvnetw=o&hvqmt=e&hvbmt=be&hvdev=c&hvlocint=&hvlocphy=97935&hvtargid=pla-4583520436762798&hvocijid=5888477215200961693-B0CFXNFYR9-&hvexpln=0&th=1
Total (each kit), 1, 24.95,
